<?xml version="1.0" encoding="UTF-8"?>
<beans xmlns="http://www.springframework.org/schema/beans"
    xmlns:xsi="http://www.w3.org/2001/XMLSchema-instance"
    xmlns:ehcache="http://ehcache-spring-annotations.googlecode.com/svn/schema/ehcache-spring"
    xmlns:context="http://www.springframework.org/schema/context"
    xmlns:tx="http://www.springframework.org/schema/tx"
   	xmlns:aop="http://www.springframework.org/schema/aop"
   	xmlns:cache= "http://www.springframework.org/schema/cache"
    xsi:schemaLocation="http://www.springframework.org/schema/beans
	http://www.springframework.org/schema/beans/spring-beans-4.1.xsd
	
	http://www.springframework.org/schema/context
	http://www.springframework.org/schema/context/spring-context-4.1.xsd
	http://www.springframework.org/schema/aop 
	http://www.springframework.org/schema/aop/spring-aop-4.1.xsd
	http://www.springframework.org/schema/tx
	http://www.springframework.org/schema/tx/spring-tx-4.1.xsd
	
	http://www.springframework.org/schema/cache
	http://www.springframework.org/schema/cache/spring-cache-4.1.xsd
	 
	http://ehcache-spring-annotations.googlecode.com/svn/schema/ehcache-spring
    http://ehcache-spring-annotations.googlecode.com/svn/schema/ehcache-spring/ehcache-spring-1.2.xsd">
     
     <!--  spring  原生态 ,可以使用@Cacheable,@CacheEvict,@CachePut等强力注解功能  ehcache 3.1+  
     
      <cache:annotation-driven cache-manager ="ehcacheCacheManager" />
      <bean id = "ehcacheCacheManager" class= "org.springframework.cache.ehcache.EhCacheCacheManager">
           <property name = "cacheManager" ref= "ehcache" />
      </bean>
      <bean id = "ehcache"
           class= "org.springframework.cache.ehcache.EhCacheManagerFactoryBean" >
           <property name = "configLocation" value= "classpath:ehcache.xml" />
           <property name="shared" value="true"/>
      </bean>
     -->
    	
	<bean id="dataSource" class="org.logicalcobwebs.proxool.ProxoolDataSource">   
	    <property name="driver">   
	        <value>com.mysql.jdbc.Driver</value>
	    </property>   
	    <property name="driverUrl">   
	        <value>jdbc:mysql://localhost:3306/xhsdk?useUnicode=true&amp;characterEncoding=UTF-8&amp;useOldAliasMetadataBehavior=true</value>
	    </property>   
	    <property name="user" value="root" />
	    <!-- M Dream China -->
	    <property name="password" value="111111" />
	    <!-- 最大激活连接数    -->
	    <property name="maximumConnectionCount" value="500"/>   
	    <!-- 默认激活的连接数   -->
	    <property name="minimumConnectionCount" value="50"/>   
	    
	</bean>   

   <bean id="sessionFactory"  
       class="org.springframework.orm.hibernate4.LocalSessionFactoryBean">
           <property name="dataSource">  
               <ref bean="dataSource" />  
           </property>
           <property name="hibernateProperties">             
		        <props>  
		            <prop key="hibernate.dialect"> org.hibernate.dialect.MySQLDialect</prop>		       		            
		            <prop key="hibernate.show_sql">false</prop>
                    <prop key="hibernate.hbm2ddl.auto">validate</prop>                   
                    <prop key="hibernate.current_session_context_class">org.springframework.orm.hibernate4.SpringSessionContext</prop>
                                 
                    <prop key="hibernate.cache.use_query_cache">false</prop>                    
                    <prop key="hibernate.cache.use_second_level_cache">false</prop> 
                    
             
                      
                    <prop key="hibernate.cache.region.factory_class">org.hibernate.cache.ehcache.SingletonEhCacheRegionFactory</prop>
                           
		        </props>  
           </property>
        
		<property name="packagesToScan">
			<value>com.xh.sdk.model</value>
		</property>
   </bean>  
<!-- 
   <bean id="dynamicStatementBuilder" class="com.mdream.gamemanage.common.proxy.DefaultDynamicHibernateStatementBuilder">  
        <property name="fileNames">  
            <list>  
                <value>classpath*:/h_mapper/*-dynamic.xml</value>
            </list>  
        </property>  
    </bean>  
-->

<bean id="txManager"  class="org.springframework.orm.hibernate4.HibernateTransactionManager" >
	<property name="sessionFactory" ref="sessionFactory"></property>
</bean>
<tx:annotation-driven transaction-manager="txManager" order="2" proxy-target-class="true" />

	
</beans>

