<?xml version="1.0" encoding="UTF-8"?>  
<beans  
    xmlns="http://www.springframework.org/schema/beans"  
    xmlns:xsi="http://www.w3.org/2001/XMLSchema-instance"  
    xmlns:context="http://www.springframework.org/schema/context"  
    xmlns:p="http://www.springframework.org/schema/p"  
    xsi:schemaLocation="http://www.springframework.org/schema/beans http://www.springframework.org/schema/beans/spring-beans.xsd  
        http://www.springframework.org/schema/context http://www.springframework.org/schema/context/spring-context.xsd">  
    <!-- http://code.google.com/p/xmemcached/wiki/Spring_Integration -->  

	<bean name="memcachedClient"
                class="net.rubyeye.xmemcached.utils.XMemcachedClientFactoryBean">
                <property name="servers">
                        <value>192.168.0.108:11211</value>
                </property>
                <property name="weights">
                        <list>
                                <value>1</value>
                                <value>1</value>
                        </list>
                </property>
                <property name="sessionLocator">
                        <bean class="net.rubyeye.xmemcached.impl.KetamaMemcachedSessionLocator"></bean>
                </property>
                <property name="transcoder">
                        <bean class="net.rubyeye.xmemcached.transcoders.SerializingTranscoder" />
                </property>
                <property name="bufferAllocator">
                        <bean class="net.rubyeye.xmemcached.buffer.SimpleBufferAllocator"></bean>
                </property>
        </bean>
 

</beans>  