<?xml version="1.0" encoding="UTF-8"?>
<beans xmlns="http://www.springframework.org/schema/beans"    
    xmlns:xsi="http://www.w3.org/2001/XMLSchema-instance"    
    xmlns:aop="http://www.springframework.org/schema/aop"
    xmlns:beans="http://www.springframework.org/schema/beans"
	xmlns:tx="http://www.springframework.org/schema/tx"
    xmlns:mvc="http://www.springframework.org/schema/mvc"    
    xmlns:task="http://www.springframework.org/schema/task"
    xmlns:context="http://www.springframework.org/schema/context"    
    xmlns:util="http://www.springframework.org/schema/util"    
    xsi:schemaLocation="
    		http://www.springframework.org/schema/beans 
    		http://www.springframework.org/schema/beans/spring-beans-4.1.xsd    
            http://www.springframework.org/schema/context 
            http://www.springframework.org/schema/context/spring-context-4.1.xsd    
            http://www.springframework.org/schema/mvc 
            http://www.springframework.org/schema/mvc/spring-mvc-4.1.xsd    
            http://www.springframework.org/schema/util 
            http://www.springframework.org/schema/util/spring-util-4.1.xsd
            http://www.springframework.org/schema/aop  
            http://www.springframework.org/schema/aop/spring-aop-4.1.xsd
            http://www.springframework.org/schema/task
            http://www.springframework.org/schema/task/spring-task-4.1.xsd"
            >
          
	<context:component-scan base-package="com" />
	
	<context:annotation-config />  
	
	 <!-- Configure the multipart resolver 
    <bean id="multipartResolver" class="org.springframework.web.multipart.commons.CommonsMultipartResolver">
        
        <property name="maxUploadSize" value="2000000"/>
    </bean>
    -->
    <!-- 返回String含有中文时 -->
    <!--StringHttpMessageConverter 默认字符是ISO 8859-1  -->
    <bean id="utf8Charset" class="java.nio.charset.Charset"
          factory-method="forName">
        <constructor-arg value="UTF-8"/>
    </bean>  
	<mvc:annotation-driven >
		<mvc:message-converters>  
		 	<bean class="org.springframework.http.converter.StringHttpMessageConverter">
                <constructor-arg ref="utf8Charset"/>
            </bean>
	        <bean class="org.springframework.http.converter.json.GsonHttpMessageConverter"/>  
	    </mvc:message-converters> 
    </mvc:annotation-driven>
      <mvc:annotation-driven>
    <mvc:message-converters register-defaults="true">
      <bean class="com.alibaba.fastjson.support.spring.FastJsonHttpMessageConverter">
        <property name="supportedMediaTypes" value="text/html;charset=UTF-8"/>
        <property name="features">
          <array>
            <value>WriteMapNullValue</value>
            <value>WriteNullStringAsEmpty</value>
          </array>
        </property>
      </bean>
    </mvc:message-converters>
  </mvc:annotation-driven>
   

	 <!--  -->
	<aop:aspectj-autoproxy />
	<!-- 
	<mvc:velocity-configurer  resource-loader-path="/views/" />  
		<mvc:view-resolvers>  
    		<mvc:velocity  cache-views="false"  prefix=""  suffix=".vm"/>  
		</mvc:view-resolvers> 
	 --> 			
	<bean id="dataSourceFacade"  class="org.logicalcobwebs.proxool.ProxoolFacade" destroy-method="shutdown"/>
					
    <bean id="velocityConfigurer"  class="org.springframework.web.servlet.view.velocity.VelocityConfigurer">
    
	    <property name="resourceLoaderPath">
	      	<value>/views/</value>
	    </property>
	    <property name="velocityProperties">
            <props>
                <prop key="input.encoding">UTF-8</prop>
                <prop key="output.encoding">UTF-8</prop>
            </props>
        </property>
    </bean>
    <bean id="velocityViewResolver" class="org.springframework.web.servlet.view.velocity.VelocityViewResolver">
 
	    <property name="suffix">
	    	<value>.vm</value>
	    </property>
	    <property name="contentType"><value>text/html;charset=UTF-8</value></property>
	    <property name="exposeRequestAttributes" value="true"/>
 		<property name="exposeSessionAttributes" value="true"/>
	</bean>
	
	<!--  --> 
    <bean id="exceptionResolver" class="org.springframework.web.servlet.handler.SimpleMappingExceptionResolver">  
    <property name="defaultErrorView">    
        <value>account/error/error</value>  
    </property>  
    <property name="defaultStatusCode">    
        <value>500</value>  
    </property>
          
	<property name="warnLogCategory">    
        <value>ERROR</value>  
    </property>  
     
	</bean> 
	
	<import resource="classpath*:/spring-mybatis.xml" />
	<import resource="/memcached-config.xml" />
	<import resource="/redis-config.xml" />
	 
	<task:annotation-driven executor="myExecutor" scheduler="myScheduler"/>
    <task:executor id="myExecutor" pool-size="5" />
    <task:scheduler id="myScheduler" pool-size="10" /> 
    
    <!--配置拦截器, 多个拦截器,顺序执行 -->  
<!-- 	<mvc:interceptors>    -->
<!--     	<mvc:interceptor>   -->
        <!-- 匹配的是url路径， 如果不配置或/**,将拦截所有的Controller -->  
<!--          <mvc:mapping path="/**" />  -->
<!--          <bean class="com.xh.sdk.common.CommonInterceptor"></bean>     -->
<!-- 	     </mvc:interceptor>  -->
    <!-- 当设置多个拦截器时，先按顺序调用preHandle方法，然后逆序调用每个拦截器的postHandle和afterCompletion方法 -->  
<!--     </mvc:interceptors> -->
    
    
    
	<!-- 
	<bean id="exceptionResolver" class="org.springframework.web.servlet.handler.SimpleMappingExceptionResolver">     
         <property name="exceptionMappings">     
             <props>     
                 <prop key="java.lang.Exception">errors/error</prop>     
                 <prop key="java.lang.Throwable">errors/err</prop>     
             </props>     
         </property>     
         <property name="statusCodes">     
             <props>     
                 <prop key="errors/error">500</prop>     
                 <prop key="errors/404">404</prop>     
             </props>     
         </property>     
          设置日志输出级别，不定义则默认不输出警告等错误日志信息   (这个定义单指spring，如果抛出的是例如：hibernate的异常，而日志已经定义了hibernate的输出环境，依然会输出日志)
         <property name="warnLogCategory" value="WARN"></property>     
          默认错误页面，当找不到上面mappings中指定的异常对应视图时，使用本默认配置    
         <property name="defaultErrorView" value="errors/error"></property>     
          默认HTTP状态码    
         <property name="defaultStatusCode" value="500"></property>     
     </bean>   
   -->
</beans>