<?xml version="1.0" encoding="UTF-8"?>  
<beans xmlns="http://www.springframework.org/schema/beans"  
    xmlns:xsi="http://www.w3.org/2001/XMLSchema-instance" xmlns:p="http://www.springframework.org/schema/p"  
    xmlns:context="http://www.springframework.org/schema/context"  
    xmlns:mvc="http://www.springframework.org/schema/mvc"  
    xsi:schemaLocation="http://www.springframework.org/schema/beans    
                        http://www.springframework.org/schema/beans/spring-beans-3.1.xsd    
                        http://www.springframework.org/schema/context    
                        http://www.springframework.org/schema/context/spring-context-3.1.xsd    
                        http://www.springframework.org/schema/mvc    
                        http://www.springframework.org/schema/mvc/spring-mvc-4.0.xsd">  
    <!-- 自动扫描 -->  
    <context:component-scan base-package="com.xh.sdk.mybatis" />  

  

<!-- 配置数据源 -->
  <bean id="dataSource" class="com.alibaba.druid.pool.DruidDataSource">
    <!-- 基本属性 url、user、password --> 
    <property name="driverClassName" value="com.mysql.jdbc.Driver" /> 
    <property name="url" value="jdbc:mysql://47.92.159.36:3306/ltdm" /> 
    <property name="username" value="root" /> 
    <property name="password" value="LianTongDm@2018" /> 
    <property name="initialSize" value="1" /> 
    <property name="minIdle" value="1" />  
    <property name="maxActive" value="20" /> 
    <property name="maxWait" value="60000" />
    <!-- 超过时间限制是否回收 -->
    <property name="removeAbandoned" value="true" />
    <!-- 超过时间限制多长； -->
    <property name="removeAbandonedTimeout" value="180" />
    <!-- 配置间隔多久才进行一次检测，检测需要关闭的空闲连接，单位是毫秒 -->
    <property name="timeBetweenEvictionRunsMillis" value="60000" />
    <!-- 配置一个连接在池中最小生存的时间，单位是毫秒 -->
    <property name="minEvictableIdleTimeMillis" value="300000" />
    <!-- 用来检测连接是否有效的sql，要求是一个查询语句-->
    <property name="validationQuery" value="SELECT 1" />
    <!-- 申请连接的时候检测 -->
    <property name="testWhileIdle" value="true" />
    <!-- 申请连接时执行validationQuery检测连接是否有效，配置为true会降低性能 -->
    <property name="testOnBorrow" value="false" />
    <!-- 归还连接时执行validationQuery检测连接是否有效，配置为true会降低性能 -->
    <property name="testOnReturn" value="false" />
  </bean>
  
    <!-- spring和MyBatis完美整合，不需要mybatis的配置映射文件 -->  
    <bean id="sqlSessionFactory" class="org.mybatis.spring.SqlSessionFactoryBean">  
        <property name="dataSource" ref="dataSource" />  
        <!-- 自动扫描mapping.xml文件 -->  
        <property name="mapperLocations" value="classpath:com/xh/sdk/mybatis/*.xml"></property>  
    </bean>  
  
    <!-- DAO接口所在包名，Spring会自动查找其下的类 -->  
    <bean class="org.mybatis.spring.mapper.MapperScannerConfigurer">  
        <property name="basePackage" value="com.xh.sdk.dao" />  
        <property name="sqlSessionFactoryBeanName" value="sqlSessionFactory"></property>  
    </bean>  
  
    <!-- (事务管理)transaction manager, use JtaTransactionManager for global tx -->  
    <bean id="transactionManager"  
        class="org.springframework.jdbc.datasource.DataSourceTransactionManager">  
        <property name="dataSource" ref="dataSource" />  
    </bean>  
  
</beans>